{
  "images": 5,
  "TP": 60,
  "FP": 82,
  "FN": 98,
  "precision": 0.4225352082920056,
  "recall": 0.379746833039577,
  "f1": 0.399999498756177,
  "match_distance_px": 20.0,
  "patch_size": 32,
  "stride": 16,
  "threshold": 0.1
}