{
  "train_losses": [
    0.28211651063923326,
    0.1939415620041213,
    0.15734095043236657,
    0.15478699193668685,
    0.13327161628486855,
    0.13121105794562027,
    0.12999655953275838,
    0.12690482908094833,
    0.10792267893806898,
    0.1280398778201613,
    0.1033110847347416,
    0.09659392932995356,
    0.09974617701871986,
    0.08530378779895338,
    0.07727102577752833,
    0.06378991366468004,
    0.0894584037367687,
    0.06977589340905459,
    0.05297999135759061,
    0.06261246567633602,
    0.044547381607376986,
    0.036139975785512694,
    0.023293217067735635,
    0.03250221637946587,
    0.025967669035968095,
    0.02317419247369149,
    0.010832588124815499,
    0.005307301515878342,
    0.0023171192937882423,
    0.005723326242860237,
    0.011455627632390783,
    0.005720244977689097,
    0.005593688992892761,
    0.00241562356597009,
    0.004998486460069428,
    0.0013810977173664338,
    0.0009694540161494355,
    0.0012907621467093122,
    0.0007812161758014977,
    0.00040675288013858335,
    0.006094494218658042,
    0.001304527399706704,
    0.0016977102547569092,
    0.0020937227404829173,
    0.0004855542733334265,
    0.0006940881695162002,
    0.0011839168986641977,
    0.0014249886535822043,
    0.00298748423065019,
    0.0006576457342118504
  ],
  "val_losses": [
    0.2309449684939214,
    0.1752185451665095,
    0.12995881480830057,
    0.22633734731269733,
    0.1331500176872526,
    0.1268332391378603,
    0.11570441215631685,
    0.1315080747673554,
    0.10318103653428677,
    0.15694685386759893,
    0.10948456231770771,
    0.1215227445853608,
    0.10912991295169507,
    0.09476757242477366,
    0.11397648093822811,
    0.11089346737467817,
    0.11588777957617172,
    0.11138659303209611,
    0.2157324808982334,
    0.12621717130033566,
    0.13743626031958098,
    0.1273027184818472,
    0.14868800779471972,
    0.1330371867292602,
    0.15025805833283812,
    0.14683825310463103,
    0.14714770411722253,
    0.1670891920516624,
    0.17202438135551087,
    0.19868466795872206,
    0.19313469101767364,
    0.18843300668485036,
    0.1863377649159312,
    0.19122987987514403,
    0.19163071330110273,
    0.19375432409664686,
    0.1978636101718751,
    0.1977933745048566,
    0.1973277748415967,
    0.19737182816093732,
    0.19718517547071965,
    0.22325698205892358,
    0.2336423693111718,
    0.21104341849614425,
    0.21662480593209107,
    0.21221467653578788,
    0.21435219513568882,
    0.21409860909937248,
    0.22688660817060022,
    0.2101052415853896
  ],
  "train_accuracies": [
    88.6267902274642,
    92.61443414771132,
    94.27127211457456,
    94.72058410558832,
    94.97332210053357,
    95.00140409997192,
    95.085650098287,
    95.6472900870542,
    96.15276607694467,
    95.90002808199944,
    96.26509407469811,
    96.51783206964336,
    96.46166807076663,
    96.71440606571188,
    97.41645605167088,
    97.83768604324628,
    96.82673406346532,
    97.66919404661611,
    98.09042403819151,
    97.69727604605448,
    98.79247402415052,
    98.79247402415052,
    99.24178601516428,
    98.93288402134232,
    99.1575400168492,
    99.24178601516428,
    99.66301600673968,
    99.83150800336983,
    99.91575400168492,
    99.83150800336983,
    99.60685200786295,
    99.83150800336983,
    99.80342600393148,
    99.94383600112327,
    99.8595900028082,
    99.94383600112327,
    99.97191800056164,
    99.94383600112327,
    99.97191800056164,
    100.0,
    99.91575400168492,
    99.94383600112327,
    99.91575400168492,
    99.91575400168492,
    100.0,
    99.97191800056164,
    99.97191800056164,
    99.94383600112327,
    99.91575400168492,
    99.97191800056164
  ],
  "val_accuracies": [
    91.24579124579125,
    94.61279461279462,
    95.17396184062851,
    94.27609427609427,
    95.84736251402919,
    94.50056116722783,
    96.74523007856341,
    94.72502805836139,
    96.52076318742985,
    94.05162738496072,
    96.07182940516275,
    95.39842873176207,
    96.40852974186308,
    95.95959595959596,
    96.63299663299664,
    96.40852974186308,
    95.95959595959596,
    95.62289562289563,
    94.61279461279462,
    96.74523007856341,
    96.8574635241302,
    97.19416386083053,
    95.84736251402919,
    97.08193041526376,
    96.07182940516275,
    96.52076318742985,
    96.52076318742985,
    97.08193041526376,
    96.74523007856341,
    96.63299663299664,
    96.52076318742985,
    96.74523007856341,
    96.18406285072952,
    96.40852974186308,
    96.74523007856341,
    96.8574635241302,
    96.8574635241302,
    97.08193041526376,
    96.8574635241302,
    96.96969696969697,
    97.08193041526376,
    96.8574635241302,
    96.63299663299664,
    96.96969696969697,
    96.8574635241302,
    97.08193041526376,
    96.52076318742985,
    96.40852974186308,
    96.63299663299664,
    96.96969696969697
  ],
  "best_val_acc": 97.19416386083053,
  "best_precision": 0.9828850855745721
}